{
  "hash": "4fd6e88f",
  "configHash": "130df54a",
  "lockfileHash": "a0dfce7e",
  "browserHash": "9ae7dfda",
  "optimized": {
    "@abacritt/angularx-social-login": {
      "src": "../../../../../../node_modules/@abacritt/angularx-social-login/fesm2022/abacritt-angularx-social-login.mjs",
      "file": "@abacritt_angularx-social-login.js",
      "fileHash": "5a3b55ea",
      "needsInterop": false
    },
    "@angular/common": {
      "src": "../../../../../../node_modules/@angular/common/fesm2022/common.mjs",
      "file": "@angular_common.js",
      "fileHash": "f735fedc",
      "needsInterop": false
    },
    "@angular/core": {
      "src": "../../../../../../node_modules/@angular/core/fesm2022/core.mjs",
      "file": "@angular_core.js",
      "fileHash": "cf43e285",
      "needsInterop": false
    },
    "@angular/forms": {
      "src": "../../../../../../node_modules/@angular/forms/fesm2022/forms.mjs",
      "file": "@angular_forms.js",
      "fileHash": "23f2b2e6",
      "needsInterop": false
    },
    "@angular/platform-browser": {
      "src": "../../../../../../node_modules/@angular/platform-browser/fesm2022/platform-browser.mjs",
      "file": "@angular_platform-browser.js",
      "fileHash": "8c3df8fc",
      "needsInterop": false
    },
    "@angular/router": {
      "src": "../../../../../../node_modules/@angular/router/fesm2022/router.mjs",
      "file": "@angular_router.js",
      "fileHash": "f16daeae",
      "needsInterop": false
    }
  },
  "chunks": {
    "chunk-RTOFWO55": {
      "file": "chunk-RTOFWO55.js"
    },
    "chunk-YAMUF3OZ": {
      "file": "chunk-YAMUF3OZ.js"
    },
    "chunk-FGJY56RK": {
      "file": "chunk-FGJY56RK.js"
    }
  }
}